FID,OBJECTID,id,previousId,eventDate,year_,month_,day_,country,countryCod,stateProvi,county,locality,verbatimLo,decimalLat,decimalLon,geodeticDa,scientific_name,kingdom,phylum,class,order_,family,genus,specificEp,taxonRank,scientif_1,vernacular
16,576,URN:catalog:CLO:EBIRD:OBS350728479,Ara militaris,2002-11-05,2002,11,5,Colombia,CO,Cesar,Valledupar,Ecoparque Los Besotes--Campamento Base,CO | Cesar | Ecoparque Los Besotes--Campamento Base,10.5734,-73.248,WGS84,Ara militaris,Animalia,Chordata,Aves,Psittaciformes,Psittacidae,Ara,militaris,Especie,"(Linnaeus, 1766)",Military Macaw
27,944,URN:catalog:CLO:EBIRD:OBS284760027,Ara militaris,2014-12-09,2014,12,9,Colombia,CO,Cesar,Valledupar,Ecoparque Los Besotes--Campamento Base,CO | Cesar | Ecoparque Los Besotes--Campamento Base,10.5734,-73.248,WGS84,Ara militaris,Animalia,Chordata,Aves,Psittaciformes,Psittacidae,Ara,militaris,Especie,"(Linnaeus, 1766)",Military Macaw
30,1174,URN:catalog:CLO:EBIRD:OBS754173840,Ara militaris,2019-05-04,2019,5,4,Colombia,CO,La Guajira,Albania,"Montes de Oca, cuenca alta del arroyo Bruno","CO | La Guajira | Montes de Oca, cuenca alta del arroyo Bruno",11.1067,-72.4735,WGS84,Ara militaris,Animalia,Chordata,Aves,Psittaciformes,Psittacidae,Ara,militaris,Especie,"(Linnaeus, 1766)",Military Macaw
53,2618,URN:catalog:CLO:EBIRD:OBS298941568,Ara militaris,2015-02-04,2015,2,4,Colombia,CO,Cesar,Valledupar,Ecoparque Los Besotes--Campamento Base,CO | Cesar | Ecoparque Los Besotes--Campamento Base,10.5734,-73.248,WGS84,Ara militaris,Animalia,Chordata,Aves,Psittaciformes,Psittacidae,Ara,militaris,Especie,"(Linnaeus, 1766)",Military Macaw
54,2619,URN:catalog:CLO:EBIRD_COL:OBS628459682,Ara militaris,2018-06-05,2018,6,5,Colombia,CO,Cesar,Manaure Balcón del Cesar,"Los Tananeos, Manaure","CO | Cesar | Los Tananeos, Manaure",10.386,-73.0546,WGS84,Ara militaris,Animalia,Chordata,Aves,Psittaciformes,Psittacidae,Ara,militaris,Especie,"(Linnaeus, 1766)",Military Macaw
70,3175,URN:catalog:CLO:EBIRD:OBS298944047,Ara militaris,2015-02-04,2015,2,4,Colombia,CO,Cesar,Valledupar,César--Before main gate of 'Ecoparque los Besotes' (Valledupar),CO | Cesar | César--Before main gate of 'Ecoparque los Besotes' (Valledupar),10.5452,-73.2314,WGS84,Ara militaris,Animalia,Chordata,Aves,Psittaciformes,Psittacidae,Ara,militaris,Especie,"(Linnaeus, 1766)",Military Macaw
76,3534,URN:catalog:CLO:EBIRD:OBS737550305,Ara militaris,2019-04-12,2019,4,12,Colombia,CO,Cesar,Manaure Balcón del Cesar,Villa Adelaida Ecolodge,CO | Cesar | Villa Adelaida Ecolodge,10.3897,-73.0195,WGS84,Ara militaris,Animalia,Chordata,Aves,Psittaciformes,Psittacidae,Ara,militaris,Especie,"(Linnaeus, 1766)",Military Macaw
91,4112,URN:catalog:CLO:EBIRD:OBS575520533,Ara militaris,2017-11-21,2017,11,21,Colombia,CO,La Guajira,Maicao,"Montes De Oca Sendero Road, La Guajira, CO (11,175, -72,371)","CO | La Guajira | Montes De Oca Sendero Road, La Guajira, CO (11,175, -72,371)",11.1748,-72.371,WGS84,Ara militaris,Animalia,Chordata,Aves,Psittaciformes,Psittacidae,Ara,militaris,Especie,"(Linnaeus, 1766)",Military Macaw
95,4252,URN:catalog:CLO:EBIRD:OBS830603834,Ara militaris,2012-07-16,2012,7,16,Colombia,CO,Cesar,Valledupar,"Cesar, CO (10.575, -73.252)","CO | Cesar | Cesar, CO (10.575, -73.252)",10.5745,-73.2522,WGS84,Ara militaris,Animalia,Chordata,Aves,Psittaciformes,Psittacidae,Ara,militaris,Especie,"(Linnaeus, 1766)",Military Macaw
100,4473,URN:catalog:CLO:EBIRD:OBS302592724,Ara militaris,2015-03-10,2015,3,10,Colombia,CO,Cesar,Valledupar,Ecoparque Los Besotes--Campamento Base,CO | Cesar | Ecoparque Los Besotes--Campamento Base,10.5734,-73.248,WGS84,Ara militaris,Animalia,Chordata,Aves,Psittaciformes,Psittacidae,Ara,militaris,Especie,"(Linnaeus, 1766)",Military Macaw
111,4765,URN:catalog:CLO:EBIRD:OBS732979883,Ara militaris,2019-02-20,2019,2,20,Colombia,CO,Cesar,Manaure Balcón del Cesar,Just outside Manaure,CO | Cesar | Just outside Manaure,10.3899,-73.0211,WGS84,Ara militaris,Animalia,Chordata,Aves,Psittaciformes,Psittacidae,Ara,militaris,Especie,"(Linnaeus, 1766)",Military Macaw
115,5028,URN:catalog:CLO:EBIRD_COL:OBS628162000,Ara militaris,2018-06-05,2018,6,5,Colombia,CO,Cesar,Manaure Balcón del Cesar,"Los Tananeos, Manaure","CO | Cesar | Los Tananeos, Manaure",10.386,-73.0546,WGS84,Ara militaris,Animalia,Chordata,Aves,Psittaciformes,Psittacidae,Ara,militaris,Especie,"(Linnaeus, 1766)",Military Macaw
118,5147,URN:catalog:CLO:EBIRD:OBS752442280,Ara militaris,2019-05-04,2019,5,4,Colombia,CO,La Guajira,Maicao,"(11,1278,-72,4662)","CO | La Guajira | (11,1278,-72,4662)",11.1278,-72.4662,WGS84,Ara militaris,Animalia,Chordata,Aves,Psittaciformes,Psittacidae,Ara,militaris,Especie,"(Linnaeus, 1766)",Military Macaw
143,6329,URN:catalog:CLO:EBIRD:OBS315800611,Ara militaris,2015-04-21,2015,4,21,Colombia,CO,Cesar,Valledupar,Ecoparque Los Besotes--Campamento Base,CO | Cesar | Ecoparque Los Besotes--Campamento Base,10.5734,-73.248,WGS84,Ara militaris,Animalia,Chordata,Aves,Psittaciformes,Psittacidae,Ara,militaris,Especie,"(Linnaeus, 1766)",Military Macaw
144,6429,URN:catalog:CLO:EBIRD:OBS829583426,Ara militaris,2019-11-19,2019,11,19,Colombia,CO,Cesar,Valledupar,Ecoparque Los Besotes--Zona Baja,CO | Cesar | Ecoparque Los Besotes--Zona Baja,10.553,-73.2362,WGS84,Ara militaris,Animalia,Chordata,Aves,Psittaciformes,Psittacidae,Ara,militaris,Especie,"(Linnaeus, 1766)",Military Macaw
149,6528,URN:catalog:CLO:EBIRD:OBS638476410,Ara militaris,2018-05-14,2018,5,14,Colombia,CO,Cesar,Manaure Balcón del Cesar,Villa Adelaida Ecolodge,CO | Cesar | Villa Adelaida Ecolodge,10.3897,-73.0195,WGS84,Ara militaris,Animalia,Chordata,Aves,Psittaciformes,Psittacidae,Ara,militaris,Especie,"(Linnaeus, 1766)",Military Macaw
160,6946,URN:catalog:CLO:EBIRD:OBS369331590,Ara militaris,2015-06-18,2015,6,18,Colombia,CO,Cesar,Manaure Balcón del Cesar,"10.3899x-73.0198 - Jun 18, 2015, 9:14 AM","CO | Cesar | 10.3899x-73.0198 - Jun 18, 2015, 9:14 AM",10.3899,-73.0198,WGS84,Ara militaris,Animalia,Chordata,Aves,Psittaciformes,Psittacidae,Ara,militaris,Especie,"(Linnaeus, 1766)",Military Macaw
167,7082,URN:catalog:CLO:EBIRD:OBS714212006,Ara militaris,2019-02-20,2019,2,20,Colombia,CO,Cesar,Manaure Balcón del Cesar,Just outside Manaure,CO | Cesar | Just outside Manaure,10.3899,-73.0211,WGS84,Ara militaris,Animalia,Chordata,Aves,Psittaciformes,Psittacidae,Ara,militaris,Especie,"(Linnaeus, 1766)",Military Macaw
170,7218,URN:catalog:CLO:EBIRD:OBS828469097,Ara militaris,2019-11-14,2019,11,14,Colombia,CO,Cesar,Manaure Balcón del Cesar,RN Los Tananeos,CO | Cesar | RN Los Tananeos,10.3878,-73.0561,WGS84,Ara militaris,Animalia,Chordata,Aves,Psittaciformes,Psittacidae,Ara,militaris,Especie,"(Linnaeus, 1766)",Military Macaw
173,7328,URN:catalog:CLO:EBIRD:OBS500700644,Ara militaris,2017-05-13,2017,5,13,Colombia,CO,Cesar,Manaure Balcón del Cesar,Manaure y alrededores,CO | Cesar | Manaure y alrededores,10.3839,-73.0156,WGS84,Ara militaris,Animalia,Chordata,Aves,Psittaciformes,Psittacidae,Ara,militaris,Especie,"(Linnaeus, 1766)",Military Macaw
178,7557,URN:catalog:CLO:EBIRD:OBS526820561,Ara militaris,2017-08-20,2017,8,20,Colombia,CO,Cesar,Manaure Balcón del Cesar,RN Los Tananeos,CO | Cesar | RN Los Tananeos,10.3878,-73.0561,WGS84,Ara militaris,Animalia,Chordata,Aves,Psittaciformes,Psittacidae,Ara,militaris,Especie,"(Linnaeus, 1766)",Military Macaw
191,8112,URN:catalog:CLO:EBIRD:OBS735759879,Ara militaris,2019-04-06,2019,4,6,Colombia,CO,Cesar,Manaure Balcón del Cesar,Vereda Casagrande,CO | Cesar | Vereda Casagrande,10.3914,-73.0108,WGS84,Ara militaris,Animalia,Chordata,Aves,Psittaciformes,Psittacidae,Ara,militaris,Especie,"(Linnaeus, 1766)",Military Macaw
194,8335,URN:catalog:CLO:EBIRD:OBS573066660,Ara militaris,2018-01-31,2018,1,31,Colombia,CO,Cesar,Manaure Balcón del Cesar,RN Los Tananeos,CO | Cesar | RN Los Tananeos,10.3878,-73.0561,WGS84,Ara militaris,Animalia,Chordata,Aves,Psittaciformes,Psittacidae,Ara,militaris,Especie,"(Linnaeus, 1766)",Military Macaw
206,8930,URN:catalog:CLO:EBIRD:OBS281425792,Ara militaris,2009-02-24,2009,2,24,Colombia,CO,Cesar,Valledupar,Ecoparque Los Besotes--Campamento Base,CO | Cesar | Ecoparque Los Besotes--Campamento Base,10.5734,-73.248,WGS84,Ara militaris,Animalia,Chordata,Aves,Psittaciformes,Psittacidae,Ara,militaris,Especie,"(Linnaeus, 1766)",Military Macaw
224,9696,URN:catalog:CLO:EBIRD:OBS752363507,Ara militaris,2019-05-04,2019,5,4,Colombia,CO,La Guajira,Albania,"Montes de Oca, cuenca alta del arroyo Bruno","CO | La Guajira | Montes de Oca, cuenca alta del arroyo Bruno",11.1067,-72.4735,WGS84,Ara militaris,Animalia,Chordata,Aves,Psittaciformes,Psittacidae,Ara,militaris,Especie,"(Linnaeus, 1766)",Military Macaw
233,9957,URN:catalog:CLO:EBIRD:OBS564218093,Ara militaris,2008-07-11,2008,7,11,Colombia,CO,Cesar,La Paz,Chamicero del Perijá Proaves Reserve,CO | Cesar | Chamicero del Perijá Proaves Reserve,10.3627,-72.9492,WGS84,Ara militaris,Animalia,Chordata,Aves,Psittaciformes,Psittacidae,Ara,militaris,Especie,"(Linnaeus, 1766)",Military Macaw
241,10267,URN:catalog:CLO:EBIRD:OBS335176404,Ara militaris,2015-08-02,2015,8,2,Colombia,CO,Cesar,Valledupar,Ecoparque Los Besotes--Campamento Base,CO | Cesar | Ecoparque Los Besotes--Campamento Base,10.5734,-73.248,WGS84,Ara militaris,Animalia,Chordata,Aves,Psittaciformes,Psittacidae,Ara,militaris,Especie,"(Linnaeus, 1766)",Military Macaw
243,10541,URN:catalog:CLO:EBIRD:OBS792818016,Ara militaris,2011-09-05,2011,9,5,Colombia,CO,La Guajira,Fonseca,"DMI Serranía Perijá, Guajira(Sector Puerto López - Las Colonias)","CO | La Guajira | DMI Serranía Perijá, Guajira(Sector Puerto López - Las Colonias)",10.7767,-72.6916,WGS84,Ara militaris,Animalia,Chordata,Aves,Psittaciformes,Psittacidae,Ara,militaris,Especie,"(Linnaeus, 1766)",Military Macaw
249,10815,URN:catalog:CLO:EBIRD:OBS829782655,Ara militaris,2019-11-18,2019,11,18,Colombia,CO,Cesar,Manaure Balcón del Cesar,RN Los Tananeos,CO | Cesar | RN Los Tananeos,10.3878,-73.0561,WGS84,Ara militaris,Animalia,Chordata,Aves,Psittaciformes,Psittacidae,Ara,militaris,Especie,"(Linnaeus, 1766)",Military Macaw
252,10854,URN:catalog:CLO:EBIRD:OBS413695766,Ara militaris,2009-02-07,2009,2,7,Colombia,CO,Cesar,Manaure Balcón del Cesar,Vereda el Cinco,CO | Cesar | Vereda el Cinco,10.3801,-72.9181,WGS84,Ara militaris,Animalia,Chordata,Aves,Psittaciformes,Psittacidae,Ara,militaris,Especie,"(Linnaeus, 1766)",Military Macaw
253,10997,URN:catalog:CLO:EBIRD:OBS752792416,Ara militaris,2019-05-04,2019,5,4,Colombia,CO,La Guajira,Hatonuevo,"(11,067, -72,767)","CO | La Guajira | (11,067, -72,767)",11.0672,-72.7668,WGS84,Ara militaris,Animalia,Chordata,Aves,Psittaciformes,Psittacidae,Ara,militaris,Especie,"(Linnaeus, 1766)",Military Macaw
256,11075,URN:catalog:CLO:EBIRD:OBS500642656,Ara militaris,2017-05-13,2017,5,13,Colombia,CO,Cesar,Manaure Balcón del Cesar,Manaure y alrededores,CO | Cesar | Manaure y alrededores,10.3839,-73.0156,WGS84,Ara militaris,Animalia,Chordata,Aves,Psittaciformes,Psittacidae,Ara,militaris,Especie,"(Linnaeus, 1766)",Military Macaw
267,11687,URN:catalog:CLO:EBIRD:OBS335117471,Ara militaris,2015-08-02,2015,8,2,Colombia,CO,Cesar,Valledupar,Ecoparque Los Besotes--Campamento Base,CO | Cesar | Ecoparque Los Besotes--Campamento Base,10.5734,-73.248,WGS84,Ara militaris,Animalia,Chordata,Aves,Psittaciformes,Psittacidae,Ara,militaris,Especie,"(Linnaeus, 1766)",Military Macaw
268,11793,URN:catalog:CLO:EBIRD:OBS701827340,Ara militaris,2019-01-23,2019,1,23,Colombia,CO,Cesar,Valledupar,"Ecoparque Los Besotes, Cesar, CO (10.567, -73.253)","CO | Cesar | Ecoparque Los Besotes, Cesar, CO (10.567, -73.253)",10.567,-73.2528,WGS84,Ara militaris,Animalia,Chordata,Aves,Psittaciformes,Psittacidae,Ara,militaris,Especie,"(Linnaeus, 1766)",Military Macaw
275,12022,URN:catalog:CLO:EBIRD:OBS828401327,Ara militaris,2019-11-16,2019,11,16,Colombia,CO,Cesar,Valledupar,Ecoparque Los Besotes--Campamento Base,CO | Cesar | Ecoparque Los Besotes--Campamento Base,10.5734,-73.248,WGS84,Ara militaris,Animalia,Chordata,Aves,Psittaciformes,Psittacidae,Ara,militaris,Especie,"(Linnaeus, 1766)",Military Macaw
279,12133,URN:catalog:CLO:EBIRD:OBS378254000,Ara militaris,2013-02-12,2013,2,12,Colombia,CO,La Guajira,Riohacha,Vereda La Mesa Corregim. Juan y Medio,CO | La Guajira | Vereda La Mesa Corregim. Juan y Medio,11.1212,-72.9525,WGS84,Ara militaris,Animalia,Chordata,Aves,Psittaciformes,Psittacidae,Ara,militaris,Especie,"(Linnaeus, 1766)",Military Macaw
282,12236,URN:catalog:CLO:EBIRD:OBS753041617,Ara militaris,2019-04-29,2019,4,29,Colombia,CO,Cesar,Valledupar,Ecoparque Los Besotes--Campamento Base,CO | Cesar | Ecoparque Los Besotes--Campamento Base,10.5734,-73.248,WGS84,Ara militaris,Animalia,Chordata,Aves,Psittaciformes,Psittacidae,Ara,militaris,Especie,"(Linnaeus, 1766)",Military Macaw
309,13498,URN:catalog:CLO:EBIRD:OBS636295800,Ara militaris,2016-07-04,2016,7,4,Colombia,CO,La Guajira,Barrancas,DMI Serranía de Perijá,CO | La Guajira | DMI Serranía de Perijá,10.8886,-72.6173,WGS84,Ara militaris,Animalia,Chordata,Aves,Psittaciformes,Psittacidae,Ara,militaris,Especie,"(Linnaeus, 1766)",Military Macaw
311,13600,URN:catalog:CLO:EBIRD_CAMERICA:OBS828146333,Ara militaris,2019-11-15,2019,11,15,Colombia,CO,La Guajira,Albania,"(11.1670,-72.5445) Arroyo Bruno 75-100 m","CO | La Guajira | (11.1670,-72.5445) Arroyo Bruno 75-100 m",11.167,-72.5445,WGS84,Ara militaris,Animalia,Chordata,Aves,Psittaciformes,Psittacidae,Ara,militaris,Especie,"(Linnaeus, 1766)",Military Macaw
317,13717,URN:catalog:CLO:EBIRD:OBS751657373,Ara militaris,2019-05-04,2019,5,4,Colombia,CO,Cesar,Manaure Balcón del Cesar,Vereda Casagrande,CO | Cesar | Vereda Casagrande,10.3914,-73.0108,WGS84,Ara militaris,Animalia,Chordata,Aves,Psittaciformes,Psittacidae,Ara,militaris,Especie,"(Linnaeus, 1766)",Military Macaw
325,14028,URN:catalog:CLO:EBIRD:OBS437325215,Ara militaris,2016-10-20,2016,10,20,Colombia,CO,Cesar,Manaure Balcón del Cesar,Vía Manaure,CO | Cesar | Vía Manaure,10.388,-73.0543,WGS84,Ara militaris,Animalia,Chordata,Aves,Psittaciformes,Psittacidae,Ara,militaris,Especie,"(Linnaeus, 1766)",Military Macaw
332,14604,URN:catalog:CLO:EBIRD:OBS731247260,Ara militaris,2019-02-20,2019,2,20,Colombia,CO,Cesar,Manaure Balcón del Cesar,Just outside Manaure,CO | Cesar | Just outside Manaure,10.3899,-73.0211,WGS84,Ara militaris,Animalia,Chordata,Aves,Psittaciformes,Psittacidae,Ara,militaris,Especie,"(Linnaeus, 1766)",Military Macaw
351,15578,URN:catalog:CLO:EBIRD:OBS613657046,Ara militaris,2018-05-05,2018,5,5,Colombia,CO,La Guajira,Albania,Reserva Forestal Protectora Regional Montes de Oca,CO | La Guajira | Reserva Forestal Protectora Regional Montes de Oca,11.1523,-72.4454,WGS84,Ara militaris,Animalia,Chordata,Aves,Psittaciformes,Psittacidae,Ara,militaris,Especie,"(Linnaeus, 1766)",Military Macaw
358,15841,URN:catalog:CLO:EBIRD:OBS735201289,Ara militaris,2017-10-30,2017,10,30,Colombia,CO,Cesar,Valledupar,Ecoparque Los Besotes--Zona Baja,CO | Cesar | Ecoparque Los Besotes--Zona Baja,10.553,-73.2362,WGS84,Ara militaris,Animalia,Chordata,Aves,Psittaciformes,Psittacidae,Ara,militaris,Especie,"(Linnaeus, 1766)",Military Macaw
369,16144,URN:catalog:CLO:EBIRD:OBS705724948,Ara militaris,2002-11-09,2002,11,9,Colombia,CO,Cesar,Valledupar,Ecoparque Los Besotes--Campamento Base,CO | Cesar | Ecoparque Los Besotes--Campamento Base,10.5734,-73.248,WGS84,Ara militaris,Animalia,Chordata,Aves,Psittaciformes,Psittacidae,Ara,militaris,Especie,"(Linnaeus, 1766)",Military Macaw
373,16308,URN:catalog:CLO:EBIRD:OBS831674386,Ara militaris,2019-11-24,2019,11,24,Colombia,CO,Cesar,Valledupar,Ecoparque Los Besotes--Campamento Base,CO | Cesar | Ecoparque Los Besotes--Campamento Base,10.5734,-73.248,WGS84,Ara militaris,Animalia,Chordata,Aves,Psittaciformes,Psittacidae,Ara,militaris,Especie,"(Linnaeus, 1766)",Military Macaw
378,16587,URN:catalog:CLO:EBIRD:OBS339649807,Ara militaris,2015-07-31,2015,7,31,Colombia,CO,Cesar,Valledupar,Ecoparque Los Besotes--Campamento Base,CO | Cesar | Ecoparque Los Besotes--Campamento Base,10.5734,-73.248,WGS84,Ara militaris,Animalia,Chordata,Aves,Psittaciformes,Psittacidae,Ara,militaris,Especie,"(Linnaeus, 1766)",Military Macaw
381,16671,URN:catalog:CLO:EBIRD:OBS752350737,Ara militaris,2019-05-04,2019,5,4,Colombia,CO,Cesar,Valledupar,Ecoparque Los Besotes--Campamento Base,CO | Cesar | Ecoparque Los Besotes--Campamento Base,10.5734,-73.248,WGS84,Ara militaris,Animalia,Chordata,Aves,Psittaciformes,Psittacidae,Ara,militaris,Especie,"(Linnaeus, 1766)",Military Macaw
385,16837,URN:catalog:CLO:EBIRD:OBS753388628,Ara militaris,2019-05-04,2019,5,4,Colombia,CO,La Guajira,Fonseca,"(10,789, -72,74)marimonda Perija Fonseca","CO | La Guajira | (10,789, -72,74)marimonda Perija Fonseca",10.7889,-72.7404,WGS84,Ara militaris,Animalia,Chordata,Aves,Psittaciformes,Psittacidae,Ara,militaris,Especie,"(Linnaeus, 1766)",Military Macaw
389,16932,URN:catalog:CLO:EBIRD:OBS327628340,Ara militaris,2015-06-18,2015,6,18,Colombia,CO,Cesar,Manaure Balcón del Cesar,"10.3899x-73.0198 - Jun 18, 2015, 9:14 AM","CO | Cesar | 10.3899x-73.0198 - Jun 18, 2015, 9:14 AM",10.3899,-73.0198,WGS84,Ara militaris,Animalia,Chordata,Aves,Psittaciformes,Psittacidae,Ara,militaris,Especie,"(Linnaeus, 1766)",Military Macaw
390,16947,URN:catalog:CLO:EBIRD:OBS830210129,Ara militaris,2019-10-30,2019,10,30,Colombia,CO,Cesar,Manaure Balcón del Cesar,RN Los Tananeos,CO | Cesar | RN Los Tananeos,10.3878,-73.0561,WGS84,Ara militaris,Animalia,Chordata,Aves,Psittaciformes,Psittacidae,Ara,militaris,Especie,"(Linnaeus, 1766)",Military Macaw
394,17185,URN:catalog:CLO:EBIRD:OBS828217748,Ara militaris,2009-02-07,2009,2,7,Colombia,CO,Cesar,Manaure Balcón del Cesar,Vereda el Cinco,CO | Cesar | Vereda el Cinco,10.3801,-72.9181,WGS84,Ara militaris,Animalia,Chordata,Aves,Psittaciformes,Psittacidae,Ara,militaris,Especie,"(Linnaeus, 1766)",Military Macaw
417,18248,URN:catalog:CLO:EBIRD:OBS315787750,Ara militaris,2015-04-21,2015,4,21,Colombia,CO,Cesar,Valledupar,Ecoparque Los Besotes--Campamento Base,CO | Cesar | Ecoparque Los Besotes--Campamento Base,10.5734,-73.248,WGS84,Ara militaris,Animalia,Chordata,Aves,Psittaciformes,Psittacidae,Ara,militaris,Especie,"(Linnaeus, 1766)",Military Macaw
424,18566,URN:catalog:CLO:EBIRD:OBS751877556,Ara militaris,2019-05-04,2019,5,4,Colombia,CO,La Guajira,Hatonuevo,"(11,067, -72,767)","CO | La Guajira | (11,067, -72,767)",11.0672,-72.7668,WGS84,Ara militaris,Animalia,Chordata,Aves,Psittaciformes,Psittacidae,Ara,militaris,Especie,"(Linnaeus, 1766)",Military Macaw
428,18657,URN:catalog:CLO:EBIRD:OBS702345172,Ara militaris,2019-01-23,2019,1,23,Colombia,CO,Cesar,Valledupar,Ecoparque Los Besotes--Zona Baja,CO | Cesar | Ecoparque Los Besotes--Zona Baja,10.553,-73.2362,WGS84,Ara militaris,Animalia,Chordata,Aves,Psittaciformes,Psittacidae,Ara,militaris,Especie,"(Linnaeus, 1766)",Military Macaw
436,19044,URN:catalog:CLO:EBIRD:OBS828676418,Ara militaris,2019-09-10,2019,9,10,Colombia,CO,La Guajira,Barrancas,"Localidad desconocida - (11.076, -72.576)","CO | La Guajira | Localidad desconocida - (11.076, -72.576)",11.0764,-72.5759,WGS84,Ara militaris,Animalia,Chordata,Aves,Psittaciformes,Psittacidae,Ara,militaris,Especie,"(Linnaeus, 1766)",Military Macaw
439,19265,URN:catalog:CLO:EBIRD:OBS829478525,Ara militaris,2019-11-16,2019,11,16,Colombia,CO,Cesar,Valledupar,Ecoparque Los Besotes--Campamento Base,CO | Cesar | Ecoparque Los Besotes--Campamento Base,10.5734,-73.248,WGS84,Ara militaris,Animalia,Chordata,Aves,Psittaciformes,Psittacidae,Ara,militaris,Especie,"(Linnaeus, 1766)",Military Macaw
441,19292,URN:catalog:CLO:EBIRD:OBS614924794,Ara militaris,2017-11-01,2017,11,1,Colombia,CO,La Guajira,Hatonuevo,Bosques Secos de Albania,CO | La Guajira | Bosques Secos de Albania,11.1622,-72.6571,WGS84,Ara militaris,Animalia,Chordata,Aves,Psittaciformes,Psittacidae,Ara,militaris,Especie,"(Linnaeus, 1766)",Military Macaw
444,19356,URN:catalog:CLO:EBIRD:OBS925840324,Ara militaris,2018-11-05,2018,11,5,Colombia,CO,Cesar,La Paz,Chamicero del Perijá Proaves Reserve,CO | Cesar | Chamicero del Perijá Proaves Reserve,10.3627,-72.9492,WGS84,Ara militaris,Animalia,Chordata,Aves,Psittaciformes,Psittacidae,Ara,militaris,Especie,"(Linnaeus, 1766)",Military Macaw
446,19417,URN:catalog:CLO:EBIRD:OBS443347550,Ara militaris,2016-07-02,2016,7,2,Colombia,CO,La Guajira,Distracción,"Bosque seco tropical, sector la Chorrera","CO | La Guajira | Bosque seco tropical, sector la Chorrera",10.9648,-72.9507,WGS84,Ara militaris,Animalia,Chordata,Aves,Psittaciformes,Psittacidae,Ara,militaris,Especie,"(Linnaeus, 1766)",Military Macaw
447,19429,URN:catalog:CLO:EBIRD:OBS829497989,Ara militaris,2019-11-16,2019,11,16,Colombia,CO,Cesar,Valledupar,Ecoparque Los Besotes--Campamento Base,CO | Cesar | Ecoparque Los Besotes--Campamento Base,10.5734,-73.248,WGS84,Ara militaris,Animalia,Chordata,Aves,Psittaciformes,Psittacidae,Ara,militaris,Especie,"(Linnaeus, 1766)",Military Macaw
453,19607,URN:catalog:CLO:EBIRD:OBS751879260,Ara militaris,2019-05-04,2019,5,4,Colombia,CO,La Guajira,Maicao,"(11,1278,-72,4662)","CO | La Guajira | (11,1278,-72,4662)",11.1278,-72.4662,WGS84,Ara militaris,Animalia,Chordata,Aves,Psittaciformes,Psittacidae,Ara,militaris,Especie,"(Linnaeus, 1766)",Military Macaw
462,20058,URN:catalog:CLO:EBIRD:OBS612534622,Ara militaris,2018-05-05,2018,5,5,Colombia,CO,La Guajira,Albania,Reserva Forestal Protectora Regional Montes de Oca,CO | La Guajira | Reserva Forestal Protectora Regional Montes de Oca,11.1523,-72.4454,WGS84,Ara militaris,Animalia,Chordata,Aves,Psittaciformes,Psittacidae,Ara,militaris,Especie,"(Linnaeus, 1766)",Military Macaw
468,20193,URN:catalog:CLO:EBIRD:OBS837310651,Ara militaris,2019-12-08,2019,12,8,Colombia,CO,Cesar,Manaure Balcón del Cesar,Villa Adelaida Ecolodge,CO | Cesar | Villa Adelaida Ecolodge,10.3897,-73.0195,WGS84,Ara militaris,Animalia,Chordata,Aves,Psittaciformes,Psittacidae,Ara,militaris,Especie,"(Linnaeus, 1766)",Military Macaw
478,20444,URN:catalog:CLO:EBIRD:OBS378252571,Ara militaris,2013-02-11,2013,2,11,Colombia,CO,La Guajira,Riohacha,Vereda La Mesa Corregim. Juan y Medio,CO | La Guajira | Vereda La Mesa Corregim. Juan y Medio,11.1212,-72.9525,WGS84,Ara militaris,Animalia,Chordata,Aves,Psittaciformes,Psittacidae,Ara,militaris,Especie,"(Linnaeus, 1766)",Military Macaw
485,20559,URN:catalog:CLO:EBIRD:OBS753384183,Ara militaris,2019-05-04,2019,5,4,Colombia,CO,Cesar,Manaure Balcón del Cesar,Vereda Casagrande,CO | Cesar | Vereda Casagrande,10.3914,-73.0108,WGS84,Ara militaris,Animalia,Chordata,Aves,Psittaciformes,Psittacidae,Ara,militaris,Especie,"(Linnaeus, 1766)",Military Macaw
487,20583,URN:catalog:CLO:EBIRD:OBS473424636,Ara militaris,2017-02-28,2017,2,28,Colombia,CO,Cesar,Manaure Balcón del Cesar,RN Los Tananeos,CO | Cesar | RN Los Tananeos,10.3878,-73.0561,WGS84,Ara militaris,Animalia,Chordata,Aves,Psittaciformes,Psittacidae,Ara,militaris,Especie,"(Linnaeus, 1766)",Military Macaw
505,21494,URN:catalog:CLO:EBIRD:OBS761385266,Ara militaris,2019-05-04,2019,5,4,Colombia,CO,La Guajira,Maicao,"(11,1278,-72,4662)","CO | La Guajira | (11,1278,-72,4662)",11.1278,-72.4662,WGS84,Ara militaris,Animalia,Chordata,Aves,Psittaciformes,Psittacidae,Ara,militaris,Especie,"(Linnaeus, 1766)",Military Macaw
520,22089,URN:catalog:CLO:EBIRD:OBS671232966,Ara militaris,2018-10-27,2018,10,27,Colombia,CO,Cesar,Manaure Balcón del Cesar,Villa Adelaida Ecolodge,CO | Cesar | Villa Adelaida Ecolodge,10.3897,-73.0195,WGS84,Ara militaris,Animalia,Chordata,Aves,Psittaciformes,Psittacidae,Ara,militaris,Especie,"(Linnaeus, 1766)",Military Macaw
529,22653,URN:catalog:CLO:EBIRD:OBS920588364,Ara militaris,2019-12-08,2019,12,8,Colombia,CO,Cesar,Valledupar,Ecoparque Los Besotes--Zona Baja,CO | Cesar | Ecoparque Los Besotes--Zona Baja,10.553,-73.2362,WGS84,Ara militaris,Animalia,Chordata,Aves,Psittaciformes,Psittacidae,Ara,militaris,Especie,"(Linnaeus, 1766)",Military Macaw
533,22939,URN:catalog:CLO:EBIRD:OBS616775371,Ara militaris,2018-05-09,2018,5,9,Colombia,CO,La Guajira,Riohacha,Angostura-El Cumbre DMI Sierra de Bañaderos,CO | La Guajira | Angostura-El Cumbre DMI Sierra de Bañaderos,11.0988,-72.8626,WGS84,Ara militaris,Animalia,Chordata,Aves,Psittaciformes,Psittacidae,Ara,militaris,Especie,"(Linnaeus, 1766)",Military Macaw
534,22950,URN:catalog:CLO:EBIRD:OBS471048996,Ara militaris,2017-01-24,2017,1,24,Colombia,CO,Cesar,Manaure Balcón del Cesar,RN Los Tananeos,CO | Cesar | RN Los Tananeos,10.3878,-73.0561,WGS84,Ara militaris,Animalia,Chordata,Aves,Psittaciformes,Psittacidae,Ara,militaris,Especie,"(Linnaeus, 1766)",Military Macaw
537,23260,URN:catalog:CLO:EBIRD_COL:OBS739306894,Ara militaris,2018-06-05,2018,6,5,Colombia,CO,Cesar,Manaure Balcón del Cesar,"Los Tananeos, Manaure","CO | Cesar | Los Tananeos, Manaure",10.386,-73.0546,WGS84,Ara militaris,Animalia,Chordata,Aves,Psittaciformes,Psittacidae,Ara,militaris,Especie,"(Linnaeus, 1766)",Military Macaw
541,23474,URN:catalog:CLO:EBIRD:OBS464926590,Ara militaris,2017-02-08,2017,2,8,Colombia,CO,Cesar,Manaure Balcón del Cesar,RN Los Tananeos,CO | Cesar | RN Los Tananeos,10.3878,-73.0561,WGS84,Ara militaris,Animalia,Chordata,Aves,Psittaciformes,Psittacidae,Ara,militaris,Especie,"(Linnaeus, 1766)",Military Macaw
551,24075,URN:catalog:CLO:EBIRD:OBS376769048,Ara militaris,2015-08-01,2015,8,1,Colombia,CO,Cesar,Valledupar,Ecoparque Los Besotes--Campamento Base,CO | Cesar | Ecoparque Los Besotes--Campamento Base,10.5734,-73.248,WGS84,Ara militaris,Animalia,Chordata,Aves,Psittaciformes,Psittacidae,Ara,militaris,Especie,"(Linnaeus, 1766)",Military Macaw
552,24124,URN:catalog:CLO:EBIRD_COL:OBS684021588,Ara militaris,2018-12-08,2018,12,8,Colombia,CO,Cesar,Valledupar,"Ecoparque Los Besotes - (10.567, -73.253)","CO | Cesar | Ecoparque Los Besotes - (10.567, -73.253)",10.567,-73.2528,WGS84,Ara militaris,Animalia,Chordata,Aves,Psittaciformes,Psittacidae,Ara,militaris,Especie,"(Linnaeus, 1766)",Military Macaw
562,24509,URN:catalog:CLO:EBIRD:OBS239675883,Ara militaris,2009-02-19,2009,2,19,Colombia,CO,Cesar,Manaure Balcón del Cesar,Vereda San Antonio Finca Villa Luz,CO | Cesar | Vereda San Antonio Finca Villa Luz,10.3791,-72.9611,WGS84,Ara militaris,Animalia,Chordata,Aves,Psittaciformes,Psittacidae,Ara,militaris,Especie,"(Linnaeus, 1766)",Military Macaw
565,24584,URN:catalog:CLO:EBIRD:OBS302346457,Ara militaris,2015-03-10,2015,3,10,Colombia,CO,Cesar,Valledupar,Ecoparque Los Besotes--Campamento Base,CO | Cesar | Ecoparque Los Besotes--Campamento Base,10.5734,-73.248,WGS84,Ara militaris,Animalia,Chordata,Aves,Psittaciformes,Psittacidae,Ara,militaris,Especie,"(Linnaeus, 1766)",Military Macaw
570,24918,URN:catalog:CLO:EBIRD:OBS281562108,Ara militaris,2007-12-29,2007,12,29,Colombia,CO,Cesar,Valledupar,Ecoparque Los Besotes--Campamento Base,CO | Cesar | Ecoparque Los Besotes--Campamento Base,10.5734,-73.248,WGS84,Ara militaris,Animalia,Chordata,Aves,Psittaciformes,Psittacidae,Ara,militaris,Especie,"(Linnaeus, 1766)",Military Macaw
578,25274,URN:catalog:CLO:EBIRD:OBS580179958,Ara militaris,2018-02-19,2018,2,19,Colombia,CO,Cesar,Manaure Balcón del Cesar,RN Los Tananeos,CO | Cesar | RN Los Tananeos,10.3878,-73.0561,WGS84,Ara militaris,Animalia,Chordata,Aves,Psittaciformes,Psittacidae,Ara,militaris,Especie,"(Linnaeus, 1766)",Military Macaw
594,26223,URN:catalog:CLO:EBIRD:OBS678866041,Ara militaris,2018-11-21,2018,11,21,Colombia,CO,Cesar,Manaure Balcón del Cesar,"La Danta restaurant. CO-Cesar-Manaure (10.3879,-73.0250)","CO | Cesar | La Danta restaurant. CO-Cesar-Manaure (10.3879,-73.0250)",10.3879,-73.025,WGS84,Ara militaris,Animalia,Chordata,Aves,Psittaciformes,Psittacidae,Ara,militaris,Especie,"(Linnaeus, 1766)",Military Macaw
605,26709,URN:catalog:CLO:EBIRD:OBS836989004,Ara militaris,2019-11-19,2019,11,19,Colombia,CO,Cesar,Valledupar,Ecoparque Los Besotes--Zona Baja,CO | Cesar | Ecoparque Los Besotes--Zona Baja,10.553,-73.2362,WGS84,Ara militaris,Animalia,Chordata,Aves,Psittaciformes,Psittacidae,Ara,militaris,Especie,"(Linnaeus, 1766)",Military Macaw
608,26773,URN:catalog:CLO:EBIRD:OBS822562253,Ara militaris,2019-10-30,2019,10,30,Colombia,CO,Cesar,Manaure Balcón del Cesar,RN Los Tananeos,CO | Cesar | RN Los Tananeos,10.3878,-73.0561,WGS84,Ara militaris,Animalia,Chordata,Aves,Psittaciformes,Psittacidae,Ara,militaris,Especie,"(Linnaeus, 1766)",Military Macaw
612,26921,URN:catalog:CLO:EBIRD:OBS456968298,Ara militaris,2017-01-12,2017,1,12,Colombia,CO,Cesar,Manaure Balcón del Cesar,Manaure,CO | Cesar | Manaure,10.3905,-73.0087,WGS84,Ara militaris,Animalia,Chordata,Aves,Psittaciformes,Psittacidae,Ara,militaris,Especie,"(Linnaeus, 1766)",Military Macaw
621,27369,URN:catalog:CLO:EBIRD:OBS378268585,Ara militaris,2013-02-13,2013,2,13,Colombia,CO,La Guajira,Riohacha,Vereda La Mesa Corregim. Juan y Medio,CO | La Guajira | Vereda La Mesa Corregim. Juan y Medio,11.1212,-72.9525,WGS84,Ara militaris,Animalia,Chordata,Aves,Psittaciformes,Psittacidae,Ara,militaris,Especie,"(Linnaeus, 1766)",Military Macaw
624,27769,URN:catalog:CLO:EBIRD_COL:OBS759572380,Ara militaris,2019-05-10,2019,5,10,Colombia,CO,Cesar,Manaure Balcón del Cesar,"ETCR TierraGrata, Manaure, CO-Cesar-La Paz (10.3686,-73.0636)","CO | Cesar | ETCR TierraGrata, Manaure, CO-Cesar-La Paz (10.3686,-73.0636)",10.3686,-73.0636,WGS84,Ara militaris,Animalia,Chordata,Aves,Psittaciformes,Psittacidae,Ara,militaris,Especie,"(Linnaeus, 1766)",Military Macaw
627,27900,URN:catalog:CLO:EBIRD:OBS464893638,Ara militaris,2017-02-08,2017,2,8,Colombia,CO,Cesar,Manaure Balcón del Cesar,RN Los Tananeos,CO | Cesar | RN Los Tananeos,10.3878,-73.0561,WGS84,Ara militaris,Animalia,Chordata,Aves,Psittaciformes,Psittacidae,Ara,militaris,Especie,"(Linnaeus, 1766)",Military Macaw
643,28553,URN:catalog:CLO:EBIRD:OBS752775487,Ara militaris,2019-05-04,2019,5,4,Colombia,CO,La Guajira,Albania,"Montes de Oca, cuenca alta del arroyo Bruno","CO | La Guajira | Montes de Oca, cuenca alta del arroyo Bruno",11.1067,-72.4735,WGS84,Ara militaris,Animalia,Chordata,Aves,Psittaciformes,Psittacidae,Ara,militaris,Especie,"(Linnaeus, 1766)",Military Macaw
645,28628,URN:catalog:CLO:EBIRD:OBS678890260,Ara militaris,2018-11-21,2018,11,21,Colombia,CO,Cesar,Manaure Balcón del Cesar,"(10.3612,-73.0070)","CO | Cesar | (10.3612,-73.0070)",10.3612,-73.007,WGS84,Ara militaris,Animalia,Chordata,Aves,Psittaciformes,Psittacidae,Ara,militaris,Especie,"(Linnaeus, 1766)",Military Macaw
648,28714,URN:catalog:CLO:EBIRD:OBS671213787,Ara militaris,2018-10-24,2018,10,24,Colombia,CO,Cesar,Valledupar,Ecoparque Los Besotes--Zona Baja,CO | Cesar | Ecoparque Los Besotes--Zona Baja,10.553,-73.2362,WGS84,Ara militaris,Animalia,Chordata,Aves,Psittaciformes,Psittacidae,Ara,militaris,Especie,"(Linnaeus, 1766)",Military Macaw
652,28828,URN:catalog:CLO:EBIRD:OBS752747487,Ara militaris,2019-05-04,2019,5,4,Colombia,CO,La Guajira,Hatonuevo,"(11,067, -72,767)","CO | La Guajira | (11,067, -72,767)",11.0672,-72.7668,WGS84,Ara militaris,Animalia,Chordata,Aves,Psittaciformes,Psittacidae,Ara,militaris,Especie,"(Linnaeus, 1766)",Military Macaw
663,29341,URN:catalog:CLO:EBIRD:OBS809236566,Ara militaris,2019-06-01,2019,6,1,Colombia,CO,La Guajira,Fonseca,Sierra de Perija— Fonseca,CO | La Guajira | Sierra de Perija— Fonseca,10.7178,-72.7291,WGS84,Ara militaris,Animalia,Chordata,Aves,Psittaciformes,Psittacidae,Ara,militaris,Especie,"(Linnaeus, 1766)",Military Macaw
669,29616,URN:catalog:CLO:EBIRD:OBS751371832,Ara militaris,2019-05-04,2019,5,4,Colombia,CO,Cesar,Manaure Balcón del Cesar,Vereda Casagrande,CO | Cesar | Vereda Casagrande,10.3914,-73.0108,WGS84,Ara militaris,Animalia,Chordata,Aves,Psittaciformes,Psittacidae,Ara,militaris,Especie,"(Linnaeus, 1766)",Military Macaw
683,30189,URN:catalog:CLO:EBIRD:OBS829453698,Ara militaris,2019-11-16,2019,11,16,Colombia,CO,Cesar,Valledupar,Ecoparque Los Besotes--Campamento Base,CO | Cesar | Ecoparque Los Besotes--Campamento Base,10.5734,-73.248,WGS84,Ara militaris,Animalia,Chordata,Aves,Psittaciformes,Psittacidae,Ara,militaris,Especie,"(Linnaeus, 1766)",Military Macaw
686,30232,URN:catalog:CLO:EBIRD_COL:OBS646864755,Ara militaris,2018-06-05,2018,6,5,Colombia,CO,Cesar,Manaure Balcón del Cesar,"Los Tananeos, Manaure","CO | Cesar | Los Tananeos, Manaure",10.386,-73.0546,WGS84,Ara militaris,Animalia,Chordata,Aves,Psittaciformes,Psittacidae,Ara,militaris,Especie,"(Linnaeus, 1766)",Military Macaw
702,30767,URN:catalog:CLO:EBIRD:OBS744911699,Ara militaris,2019-04-20,2019,4,20,Colombia,CO,Cesar,Manaure Balcón del Cesar,Vereda Canadá,CO | Cesar | Vereda Canadá,10.3718,-73.0073,WGS84,Ara militaris,Animalia,Chordata,Aves,Psittaciformes,Psittacidae,Ara,militaris,Especie,"(Linnaeus, 1766)",Military Macaw
723,31651,URN:catalog:CLO:EBIRD:OBS751908034,Ara militaris,2019-05-04,2019,5,4,Colombia,CO,La Guajira,Hatonuevo,"(11,067, -72,767)","CO | La Guajira | (11,067, -72,767)",11.0672,-72.7668,WGS84,Ara militaris,Animalia,Chordata,Aves,Psittaciformes,Psittacidae,Ara,militaris,Especie,"(Linnaeus, 1766)",Military Macaw
732,32171,URN:catalog:CLO:EBIRD_COL:OBS685261070,Ara militaris,2018-12-08,2018,12,8,Colombia,CO,Cesar,Valledupar,"Ecoparque Los Besotes - (10.567, -73.253)","CO | Cesar | Ecoparque Los Besotes - (10.567, -73.253)",10.567,-73.2528,WGS84,Ara militaris,Animalia,Chordata,Aves,Psittaciformes,Psittacidae,Ara,militaris,Especie,"(Linnaeus, 1766)",Military Macaw
748,32846,URN:catalog:CLO:EBIRD:OBS900388804,Ara militaris,2013-02-08,2013,2,8,Colombia,CO,Cesar,Valledupar,Ecoparque Los Besotes--Zona Baja,CO | Cesar | Ecoparque Los Besotes--Zona Baja,10.553,-73.2362,WGS84,Ara militaris,Animalia,Chordata,Aves,Psittaciformes,Psittacidae,Ara,militaris,Especie,"(Linnaeus, 1766)",Military Macaw
749,32945,URN:catalog:CLO:EBIRD:OBS467023076,Ara militaris,2016-10-31,2016,10,31,Colombia,CO,Cesar,Manaure Balcón del Cesar,RN Los Tananeos,CO | Cesar | RN Los Tananeos,10.3878,-73.0561,WGS84,Ara militaris,Animalia,Chordata,Aves,Psittaciformes,Psittacidae,Ara,militaris,Especie,"(Linnaeus, 1766)",Military Macaw
766,33900,URN:catalog:CLO:EBIRD:OBS818721372,Ara militaris,2019-10-19,2019,10,19,Colombia,CO,Cesar,Manaure Balcón del Cesar,Chilapacha,CO | Cesar | Chilapacha,10.3973,-73.0456,WGS84,Ara militaris,Animalia,Chordata,Aves,Psittaciformes,Psittacidae,Ara,militaris,Especie,"(Linnaeus, 1766)",Military Macaw
774,34223,URN:catalog:CLO:EBIRD_COL:OBS753440691,Ara militaris,2019-05-04,2019,5,4,Colombia,CO,Cesar,Manaure Balcón del Cesar,Camino a Manaure 2 parada,CO | Cesar | Camino a Manaure 2 parada,10.3622,-73.0075,WGS84,Ara militaris,Animalia,Chordata,Aves,Psittaciformes,Psittacidae,Ara,militaris,Especie,"(Linnaeus, 1766)",Military Macaw
782,34600,URN:catalog:CLO:EBIRD:OBS829870470,Ara militaris,2019-11-18,2019,11,18,Colombia,CO,Cesar,Manaure Balcón del Cesar,RN Los Tananeos,CO | Cesar | RN Los Tananeos,10.3878,-73.0561,WGS84,Ara militaris,Animalia,Chordata,Aves,Psittaciformes,Psittacidae,Ara,militaris,Especie,"(Linnaeus, 1766)",Military Macaw
787,34891,URN:catalog:CLO:EBIRD:OBS563853802,Ara militaris,2018-01-03,2018,1,3,Colombia,CO,Cesar,Valledupar,Ecoparque Los Besotes--Campamento Base,CO | Cesar | Ecoparque Los Besotes--Campamento Base,10.5734,-73.248,WGS84,Ara militaris,Animalia,Chordata,Aves,Psittaciformes,Psittacidae,Ara,militaris,Especie,"(Linnaeus, 1766)",Military Macaw
798,35385,URN:catalog:CLO:EBIRD:OBS761383653,Ara militaris,2019-05-04,2019,5,4,Colombia,CO,La Guajira,Albania,"Montes de Oca, cuenca alta del arroyo Bruno","CO | La Guajira | Montes de Oca, cuenca alta del arroyo Bruno",11.1067,-72.4735,WGS84,Ara militaris,Animalia,Chordata,Aves,Psittaciformes,Psittacidae,Ara,militaris,Especie,"(Linnaeus, 1766)",Military Macaw
802,35462,URN:catalog:CLO:EBIRD:OBS735755468,Ara militaris,2019-04-06,2019,4,6,Colombia,CO,Cesar,Manaure Balcón del Cesar,Vereda Casagrande,CO | Cesar | Vereda Casagrande,10.3914,-73.0108,WGS84,Ara militaris,Animalia,Chordata,Aves,Psittaciformes,Psittacidae,Ara,militaris,Especie,"(Linnaeus, 1766)",Military Macaw
804,35606,URN:catalog:CLO:EBIRD_CAN:OBS536010304,Ara militaris,2017-08-20,2017,8,20,Colombia,CO,La Guajira,La Jagua del Pilar,Roadside Stop on 49,CO | La Guajira | Roadside Stop on 49,10.444,-73.1422,WGS84,Ara militaris,Animalia,Chordata,Aves,Psittaciformes,Psittacidae,Ara,militaris,Especie,"(Linnaeus, 1766)",Military Macaw
806,35616,URN:catalog:CLO:EBIRD:OBS744517030,Ara militaris,2019-02-20,2019,2,20,Colombia,CO,Cesar,Manaure Balcón del Cesar,Just outside Manaure,CO | Cesar | Just outside Manaure,10.3899,-73.0211,WGS84,Ara militaris,Animalia,Chordata,Aves,Psittaciformes,Psittacidae,Ara,militaris,Especie,"(Linnaeus, 1766)",Military Macaw
817,36057,URN:catalog:CLO:EBIRD:OBS831674467,Ara militaris,2019-11-24,2019,11,24,Colombia,CO,Cesar,Valledupar,Ecoparque Los Besotes--Campamento Base,CO | Cesar | Ecoparque Los Besotes--Campamento Base,10.5734,-73.248,WGS84,Ara militaris,Animalia,Chordata,Aves,Psittaciformes,Psittacidae,Ara,militaris,Especie,"(Linnaeus, 1766)",Military Macaw
824,36359,URN:catalog:CLO:EBIRD:OBS687041681,Ara militaris,2018-11-21,2018,11,21,Colombia,CO,Cesar,Manaure Balcón del Cesar,"(10.3612,-73.0070)","CO | Cesar | (10.3612,-73.0070)",10.3612,-73.007,WGS84,Ara militaris,Animalia,Chordata,Aves,Psittaciformes,Psittacidae,Ara,militaris,Especie,"(Linnaeus, 1766)",Military Macaw
828,36399,URN:catalog:CLO:EBIRD:OBS836950217,Ara militaris,2019-11-19,2019,11,19,Colombia,CO,Cesar,Valledupar,Ecoparque Los Besotes--Zona Baja,CO | Cesar | Ecoparque Los Besotes--Zona Baja,10.553,-73.2362,WGS84,Ara militaris,Animalia,Chordata,Aves,Psittaciformes,Psittacidae,Ara,militaris,Especie,"(Linnaeus, 1766)",Military Macaw
829,36405,URN:catalog:CLO:EBIRD:OBS837182962,Ara militaris,2019-12-08,2019,12,8,Colombia,CO,Cesar,Valledupar,Ecoparque Los Besotes--Zona Baja,CO | Cesar | Ecoparque Los Besotes--Zona Baja,10.553,-73.2362,WGS84,Ara militaris,Animalia,Chordata,Aves,Psittaciformes,Psittacidae,Ara,militaris,Especie,"(Linnaeus, 1766)",Military Macaw
836,36498,URN:catalog:CLO:EBIRD:OBS690981026,Ara militaris,2018-11-28,2018,11,28,Colombia,CO,La Guajira,Albania,Reserva Forestal Protectora Regional Montes de Oca,CO | La Guajira | Reserva Forestal Protectora Regional Montes de Oca,11.1523,-72.4454,WGS84,Ara militaris,Animalia,Chordata,Aves,Psittaciformes,Psittacidae,Ara,militaris,Especie,"(Linnaeus, 1766)",Military Macaw
838,36637,URN:catalog:CLO:EBIRD:OBS559788194,Ara militaris,2017-10-11,2017,10,11,Colombia,CO,Cesar,Valledupar,Ecoparque Los Besotes--Campamento Base,CO | Cesar | Ecoparque Los Besotes--Campamento Base,10.5734,-73.248,WGS84,Ara militaris,Animalia,Chordata,Aves,Psittaciformes,Psittacidae,Ara,militaris,Especie,"(Linnaeus, 1766)",Military Macaw
842,36774,URN:catalog:CLO:EBIRD:OBS683078647,Ara militaris,2016-10-18,2016,10,18,Colombia,CO,La Guajira,Urumita,Finca La La Pradera,CO | La Guajira | Finca La La Pradera,10.5439,-73.0776,WGS84,Ara militaris,Animalia,Chordata,Aves,Psittaciformes,Psittacidae,Ara,militaris,Especie,"(Linnaeus, 1766)",Military Macaw
847,36881,URN:catalog:CLO:EBIRD:OBS696733055,Ara militaris,2019-01-10,2019,1,10,Colombia,CO,Cesar,Valledupar,Ecoparque Los Besotes--Campamento Base,CO | Cesar | Ecoparque Los Besotes--Campamento Base,10.5734,-73.248,WGS84,Ara militaris,Animalia,Chordata,Aves,Psittaciformes,Psittacidae,Ara,militaris,Especie,"(Linnaeus, 1766)",Military Macaw
850,37038,URN:catalog:CLO:EBIRD:OBS837157639,Ara militaris,2019-11-19,2019,11,19,Colombia,CO,Cesar,Valledupar,Ecoparque Los Besotes--Zona Baja,CO | Cesar | Ecoparque Los Besotes--Zona Baja,10.553,-73.2362,WGS84,Ara militaris,Animalia,Chordata,Aves,Psittaciformes,Psittacidae,Ara,militaris,Especie,"(Linnaeus, 1766)",Military Macaw
854,37089,URN:catalog:CLO:EBIRD:OBS752747558,Ara militaris,2019-05-04,2019,5,4,Colombia,CO,La Guajira,Maicao,"(11,1278,-72,4662)","CO | La Guajira | (11,1278,-72,4662)",11.1278,-72.4662,WGS84,Ara militaris,Animalia,Chordata,Aves,Psittaciformes,Psittacidae,Ara,militaris,Especie,"(Linnaeus, 1766)",Military Macaw
855,37310,URN:catalog:CLO:EBIRD:OBS691997644,Ara militaris,2018-12-28,2018,12,28,Colombia,CO,Cesar,Manaure Balcón del Cesar,Villa Adelaida Ecolodge,CO | Cesar | Villa Adelaida Ecolodge,10.3897,-73.0195,WGS84,Ara militaris,Animalia,Chordata,Aves,Psittaciformes,Psittacidae,Ara,militaris,Especie,"(Linnaeus, 1766)",Military Macaw
857,37326,URN:catalog:CLO:EBIRD_CAMERICA:OBS828146310,Ara militaris,2019-11-15,2019,11,15,Colombia,CO,La Guajira,Albania,"(11.1670,-72.5445) Arroyo Bruno 75-100 m","CO | La Guajira | (11.1670,-72.5445) Arroyo Bruno 75-100 m",11.167,-72.5445,WGS84,Ara militaris,Animalia,Chordata,Aves,Psittaciformes,Psittacidae,Ara,militaris,Especie,"(Linnaeus, 1766)",Military Macaw
864,37632,URN:catalog:CLO:EBIRD:OBS549461797,Ara militaris,2017-11-14,2017,11,14,Colombia,CO,Cesar,Manaure Balcón del Cesar,RN Los Tananeos,CO | Cesar | RN Los Tananeos,10.3878,-73.0561,WGS84,Ara militaris,Animalia,Chordata,Aves,Psittaciformes,Psittacidae,Ara,militaris,Especie,"(Linnaeus, 1766)",Military Macaw
866,37774,URN:catalog:CLO:EBIRD:OBS824590916,Ara militaris,2019-10-19,2019,10,19,Colombia,CO,Cesar,Manaure Balcón del Cesar,Chilapacha,CO | Cesar | Chilapacha,10.3973,-73.0456,WGS84,Ara militaris,Animalia,Chordata,Aves,Psittaciformes,Psittacidae,Ara,militaris,Especie,"(Linnaeus, 1766)",Military Macaw
867,37808,URN:catalog:CLO:EBIRD_CAMERICA:OBS828147552,Ara militaris,2019-11-15,2019,11,15,Colombia,CO,La Guajira,Albania,"(11.1670,-72.5445) Arroyo Bruno 75-100 m","CO | La Guajira | (11.1670,-72.5445) Arroyo Bruno 75-100 m",11.167,-72.5445,WGS84,Ara militaris,Animalia,Chordata,Aves,Psittaciformes,Psittacidae,Ara,militaris,Especie,"(Linnaeus, 1766)",Military Macaw
868,37831,URN:catalog:CLO:EBIRD:OBS302345966,Ara militaris,2015-03-10,2015,3,10,Colombia,CO,Cesar,Valledupar,Ecoparque Los Besotes--Campamento Base,CO | Cesar | Ecoparque Los Besotes--Campamento Base,10.5734,-73.248,WGS84,Ara militaris,Animalia,Chordata,Aves,Psittaciformes,Psittacidae,Ara,militaris,Especie,"(Linnaeus, 1766)",Military Macaw
871,37904,URN:catalog:CLO:EBIRD:OBS306721270,Ara militaris,2015-03-30,2015,3,30,Colombia,CO,Cesar,Valledupar,Ecoparque Los Besotes--Campamento Base,CO | Cesar | Ecoparque Los Besotes--Campamento Base,10.5734,-73.248,WGS84,Ara militaris,Animalia,Chordata,Aves,Psittaciformes,Psittacidae,Ara,militaris,Especie,"(Linnaeus, 1766)",Military Macaw
877,38007,URN:catalog:CLO:EBIRD:OBS464965567,Ara militaris,2017-02-08,2017,2,8,Colombia,CO,Cesar,Manaure Balcón del Cesar,RN Los Tananeos,CO | Cesar | RN Los Tananeos,10.3878,-73.0561,WGS84,Ara militaris,Animalia,Chordata,Aves,Psittaciformes,Psittacidae,Ara,militaris,Especie,"(Linnaeus, 1766)",Military Macaw
881,38186,URN:catalog:CLO:EBIRD:OBS820034076,Ara militaris,2019-10-19,2019,10,19,Colombia,CO,Cesar,Manaure Balcón del Cesar,Chilapacha,CO | Cesar | Chilapacha,10.3973,-73.0456,WGS84,Ara militaris,Animalia,Chordata,Aves,Psittaciformes,Psittacidae,Ara,militaris,Especie,"(Linnaeus, 1766)",Military Macaw
886,38587,URN:catalog:CLO:EBIRD:OBS728285039,Ara militaris,2019-03-21,2019,3,21,Colombia,CO,Cesar,Manaure Balcón del Cesar,Vereda Canadá,CO | Cesar | Vereda Canadá,10.3718,-73.0073,WGS84,Ara militaris,Animalia,Chordata,Aves,Psittaciformes,Psittacidae,Ara,militaris,Especie,"(Linnaeus, 1766)",Military Macaw
906,39341,URN:catalog:CLO:EBIRD:OBS829584467,Ara militaris,2019-11-18,2019,11,18,Colombia,CO,Cesar,Manaure Balcón del Cesar,RN Los Tananeos,CO | Cesar | RN Los Tananeos,10.3878,-73.0561,WGS84,Ara militaris,Animalia,Chordata,Aves,Psittaciformes,Psittacidae,Ara,militaris,Especie,"(Linnaeus, 1766)",Military Macaw
909,39427,URN:catalog:CLO:EBIRD:OBS783856556,Ara militaris,2019-07-09,2019,7,9,Colombia,CO,Cesar,Valledupar,Ecoparque Los Besotes--Zona Baja,CO | Cesar | Ecoparque Los Besotes--Zona Baja,10.553,-73.2362,WGS84,Ara militaris,Animalia,Chordata,Aves,Psittaciformes,Psittacidae,Ara,militaris,Especie,"(Linnaeus, 1766)",Military Macaw
915,39531,URN:catalog:CLO:EBIRD:OBS743818152,Ara militaris,2019-04-20,2019,4,20,Colombia,CO,Cesar,Manaure Balcón del Cesar,Vereda Canadá,CO | Cesar | Vereda Canadá,10.3718,-73.0073,WGS84,Ara militaris,Animalia,Chordata,Aves,Psittaciformes,Psittacidae,Ara,militaris,Especie,"(Linnaeus, 1766)",Military Macaw
920,39844,URN:catalog:CLO:EBIRD:OBS670803163,Ara militaris,2018-10-27,2018,10,27,Colombia,CO,Cesar,Manaure Balcón del Cesar,"Cesar, CO (10.368, -72.989)","CO | Cesar | Cesar, CO (10.368, -72.989)",10.3679,-72.9894,WGS84,Ara militaris,Animalia,Chordata,Aves,Psittaciformes,Psittacidae,Ara,militaris,Especie,"(Linnaeus, 1766)",Military Macaw
921,39850,URN:catalog:CLO:EBIRD_COL:OBS685331203,Ara militaris,2018-12-08,2018,12,8,Colombia,CO,Cesar,Valledupar,"Ecoparque Los Besotes - (10.567, -73.253)","CO | Cesar | Ecoparque Los Besotes - (10.567, -73.253)",10.567,-73.2528,WGS84,Ara militaris,Animalia,Chordata,Aves,Psittaciformes,Psittacidae,Ara,militaris,Especie,"(Linnaeus, 1766)",Military Macaw
931,40250,URN:catalog:CLO:EBIRD:OBS831732825,Ara militaris,2019-11-24,2019,11,24,Colombia,CO,Cesar,Valledupar,Ecoparque Los Besotes--Campamento Base,CO | Cesar | Ecoparque Los Besotes--Campamento Base,10.5734,-73.248,WGS84,Ara militaris,Animalia,Chordata,Aves,Psittaciformes,Psittacidae,Ara,militaris,Especie,"(Linnaeus, 1766)",Military Macaw
941,40635,URN:catalog:CLO:EBIRD:OBS465302300,Ara militaris,2017-02-08,2017,2,8,Colombia,CO,Cesar,Manaure Balcón del Cesar,RN Los Tananeos,CO | Cesar | RN Los Tananeos,10.3878,-73.0561,WGS84,Ara militaris,Animalia,Chordata,Aves,Psittaciformes,Psittacidae,Ara,militaris,Especie,"(Linnaeus, 1766)",Military Macaw
943,40645,URN:catalog:CLO:EBIRD:OBS829809721,Ara militaris,2019-11-18,2019,11,18,Colombia,CO,Cesar,Manaure Balcón del Cesar,RN Los Tananeos,CO | Cesar | RN Los Tananeos,10.3878,-73.0561,WGS84,Ara militaris,Animalia,Chordata,Aves,Psittaciformes,Psittacidae,Ara,militaris,Especie,"(Linnaeus, 1766)",Military Macaw
945,40843,URN:catalog:CLO:EBIRD:OBS831831228,Ara militaris,2019-11-23,2019,11,23,Colombia,CO,Cesar,Valledupar,"Trail to Los Besotes (10.5676,-73.2553)","CO | Cesar | Trail to Los Besotes (10.5676,-73.2553)",10.5676,-73.2553,WGS84,Ara militaris,Animalia,Chordata,Aves,Psittaciformes,Psittacidae,Ara,militaris,Especie,"(Linnaeus, 1766)",Military Macaw
950,41009,URN:catalog:CLO:EBIRD:OBS737716150,Ara militaris,2019-04-12,2019,4,12,Colombia,CO,Cesar,Manaure Balcón del Cesar,Villa Adelaida Ecolodge,CO | Cesar | Villa Adelaida Ecolodge,10.3897,-73.0195,WGS84,Ara militaris,Animalia,Chordata,Aves,Psittaciformes,Psittacidae,Ara,militaris,Especie,"(Linnaeus, 1766)",Military Macaw
951,41012,URN:catalog:CLO:EBIRD:OBS920586368,Ara militaris,2019-12-08,2019,12,8,Colombia,CO,Cesar,Manaure Balcón del Cesar,Villa Adelaida Ecolodge,CO | Cesar | Villa Adelaida Ecolodge,10.3897,-73.0195,WGS84,Ara militaris,Animalia,Chordata,Aves,Psittaciformes,Psittacidae,Ara,militaris,Especie,"(Linnaeus, 1766)",Military Macaw
953,41199,URN:catalog:CLO:EBIRD:OBS702010500,Ara militaris,2003-08-16,2003,8,16,Colombia,CO,Cesar,Valledupar,Ecoparque Los Besotes--Campamento Base,CO | Cesar | Ecoparque Los Besotes--Campamento Base,10.5734,-73.248,WGS84,Ara militaris,Animalia,Chordata,Aves,Psittaciformes,Psittacidae,Ara,militaris,Especie,"(Linnaeus, 1766)",Military Macaw
964,41767,URN:catalog:CLO:EBIRD:OBS499059599,Ara militaris,2017-05-13,2017,5,13,Colombia,CO,Cesar,Valledupar,Ecoparque Los Besotes--Campamento Base,CO | Cesar | Ecoparque Los Besotes--Campamento Base,10.5734,-73.248,WGS84,Ara militaris,Animalia,Chordata,Aves,Psittaciformes,Psittacidae,Ara,militaris,Especie,"(Linnaeus, 1766)",Military Macaw
998,42862,URN:catalog:CLO:EBIRD:OBS464929964,Ara militaris,2017-02-08,2017,2,8,Colombia,CO,Cesar,Manaure Balcón del Cesar,RN Los Tananeos,CO | Cesar | RN Los Tananeos,10.3878,-73.0561,WGS84,Ara militaris,Animalia,Chordata,Aves,Psittaciformes,Psittacidae,Ara,militaris,Especie,"(Linnaeus, 1766)",Military Macaw
1004,42957,URN:catalog:CLO:EBIRD:OBS465550112,Ara militaris,2017-02-08,2017,2,8,Colombia,CO,Cesar,Manaure Balcón del Cesar,RN Los Tananeos,CO | Cesar | RN Los Tananeos,10.3878,-73.0561,WGS84,Ara militaris,Animalia,Chordata,Aves,Psittaciformes,Psittacidae,Ara,militaris,Especie,"(Linnaeus, 1766)",Military Macaw
1006,43014,URN:catalog:CLO:EBIRD:OBS715289006,Ara militaris,2019-02-22,2019,2,22,Colombia,CO,La Guajira,Barrancas,DMI Serranía de Perijá,CO | La Guajira | DMI Serranía de Perijá,10.8886,-72.6173,WGS84,Ara militaris,Animalia,Chordata,Aves,Psittaciformes,Psittacidae,Ara,militaris,Especie,"(Linnaeus, 1766)",Military Macaw
1027,43958,URN:catalog:CLO:EBIRD:OBS376778658,Ara militaris,2015-12-20,2015,12,20,Colombia,CO,Cesar,Valledupar,Ecoparque Los Besotes--Campamento Base,CO | Cesar | Ecoparque Los Besotes--Campamento Base,10.5734,-73.248,WGS84,Ara militaris,Animalia,Chordata,Aves,Psittaciformes,Psittacidae,Ara,militaris,Especie,"(Linnaeus, 1766)",Military Macaw
1030,44044,URN:catalog:CLO:EBIRD:OBS852919553,Ara militaris,2015-09-03,2015,9,3,Colombia,CO,Cesar,Valledupar,Ecoparque Los Besotes--Campamento Base,CO | Cesar | Ecoparque Los Besotes--Campamento Base,10.5734,-73.248,WGS84,Ara militaris,Animalia,Chordata,Aves,Psittaciformes,Psittacidae,Ara,militaris,Especie,"(Linnaeus, 1766)",Military Macaw
1041,44527,URN:catalog:CLO:EBIRD:OBS362021191,Ara militaris,2015-12-19,2015,12,19,Colombia,CO,Cesar,Valledupar,Ecoparque Los Besotes--Campamento Base,CO | Cesar | Ecoparque Los Besotes--Campamento Base,10.5734,-73.248,WGS84,Ara militaris,Animalia,Chordata,Aves,Psittaciformes,Psittacidae,Ara,militaris,Especie,"(Linnaeus, 1766)",Military Macaw
1051,44824,URN:catalog:CLO:EBIRD:OBS591196125,Ara militaris,2018-01-17,2018,1,17,Colombia,CO,La Guajira,Maicao,"Cabañas Montes De Oca Y Sendero Road, La Guajira, CO (11,179, -72,369)","CO | La Guajira | Cabañas Montes De Oca Y Sendero Road, La Guajira, CO (11,179, -72,369)",11.1785,-72.3689,WGS84,Ara militaris,Animalia,Chordata,Aves,Psittaciformes,Psittacidae,Ara,militaris,Especie,"(Linnaeus, 1766)",Military Macaw
1066,45566,URN:catalog:CLO:EBIRD:OBS500733879,Ara militaris,2017-05-13,2017,5,13,Colombia,CO,Cesar,Manaure Balcón del Cesar,Manaure y alrededores,CO | Cesar | Manaure y alrededores,10.3839,-73.0156,WGS84,Ara militaris,Animalia,Chordata,Aves,Psittaciformes,Psittacidae,Ara,militaris,Especie,"(Linnaeus, 1766)",Military Macaw
1070,46021,URN:catalog:CLO:EBIRD:OBS302346377,Ara militaris,2015-03-10,2015,3,10,Colombia,CO,Cesar,Valledupar,Ecoparque Los Besotes--Campamento Base,CO | Cesar | Ecoparque Los Besotes--Campamento Base,10.5734,-73.248,WGS84,Ara militaris,Animalia,Chordata,Aves,Psittaciformes,Psittacidae,Ara,militaris,Especie,"(Linnaeus, 1766)",Military Macaw
1089,46792,URN:catalog:CLO:EBIRD:OBS464985113,Ara militaris,2017-02-08,2017,2,8,Colombia,CO,Cesar,Manaure Balcón del Cesar,RN Los Tananeos,CO | Cesar | RN Los Tananeos,10.3878,-73.0561,WGS84,Ara militaris,Animalia,Chordata,Aves,Psittaciformes,Psittacidae,Ara,militaris,Especie,"(Linnaeus, 1766)",Military Macaw
1099,47333,URN:catalog:CLO:EBIRD:OBS830213213,Ara militaris,2019-10-30,2019,10,30,Colombia,CO,Cesar,Manaure Balcón del Cesar,RN Los Tananeos,CO | Cesar | RN Los Tananeos,10.3878,-73.0561,WGS84,Ara militaris,Animalia,Chordata,Aves,Psittaciformes,Psittacidae,Ara,militaris,Especie,"(Linnaeus, 1766)",Military Macaw
1100,47364,URN:catalog:CLO:EBIRD:OBS619075126,Ara militaris,2018-05-14,2018,5,14,Colombia,CO,Cesar,Manaure Balcón del Cesar,Villa Adelaida Ecolodge,CO | Cesar | Villa Adelaida Ecolodge,10.3897,-73.0195,WGS84,Ara militaris,Animalia,Chordata,Aves,Psittaciformes,Psittacidae,Ara,militaris,Especie,"(Linnaeus, 1766)",Military Macaw
1102,47615,URN:catalog:CLO:EBIRD:OBS548198286,Ara militaris,2013-03-10,2013,3,10,Colombia,CO,La Guajira,Albania,Reserva Forestal Protectora Regional Montes de Oca,CO | La Guajira | Reserva Forestal Protectora Regional Montes de Oca,11.1523,-72.4454,WGS84,Ara militaris,Animalia,Chordata,Aves,Psittaciformes,Psittacidae,Ara,militaris,Especie,"(Linnaeus, 1766)",Military Macaw
1108,47817,URN:catalog:CLO:EBIRD:OBS327577658,Ara militaris,2015-06-18,2015,6,18,Colombia,CO,Cesar,Manaure Balcón del Cesar,Finca Adelaida (Cesar),CO | Cesar | Finca Adelaida (Cesar),10.3892,-73.0201,WGS84,Ara militaris,Animalia,Chordata,Aves,Psittaciformes,Psittacidae,Ara,militaris,Especie,"(Linnaeus, 1766)",Military Macaw
1112,47863,URN:catalog:CLO:EBIRD:OBS688295967,Ara militaris,2017-11-07,2017,11,7,Colombia,CO,Cesar,Valledupar,Finca Palmares de Venecia,CO | Cesar | Finca Palmares de Venecia,10.5789,-73.1586,WGS84,Ara militaris,Animalia,Chordata,Aves,Psittaciformes,Psittacidae,Ara,militaris,Especie,"(Linnaeus, 1766)",Military Macaw
1114,47943,URN:catalog:CLO:EBIRD:OBS418956827,Ara militaris,2016-06-01,2016,6,1,Colombia,CO,Cesar,Manaure Balcón del Cesar,RN Los Tananeos,CO | Cesar | RN Los Tananeos,10.3878,-73.0561,WGS84,Ara militaris,Animalia,Chordata,Aves,Psittaciformes,Psittacidae,Ara,militaris,Especie,"(Linnaeus, 1766)",Military Macaw
1133,48747,URN:catalog:CLO:EBIRD:OBS794097509,Ara militaris,2011-09-07,2011,9,7,Colombia,CO,La Guajira,Barrancas,DMI Serranía de Perijá - Sendero El Sierrón - Surimena,CO | La Guajira | DMI Serranía de Perijá - Sendero El Sierrón - Surimena,10.8741,-72.6607,WGS84,Ara militaris,Animalia,Chordata,Aves,Psittaciformes,Psittacidae,Ara,militaris,Especie,"(Linnaeus, 1766)",Military Macaw
